IMEI No,Retail DMS Code
353412071089296,BD1R150
353412071089551,BD1R150
352217082698964,BD1R150
354608089067682,BD1R150
354164080584044,BD1R150
355316075347501,BD1R150
355316075350323,BD1R150
358449073902030,BD1R150
354164080545342,BD1R150
354608089062121,BD1R150
354608089027868,BD1R150
354164080582113,BD1R150
354164080585058,BD1R150
354164080580901,BD1R150
354164080580919,BD1R150
354164080580109,BD1R150
354164080578400,BD1R150
354164080578236,BD1R150
354164080544147,BD1R150
354164080584192,BD1R150
352217082688056,BD1R150
352217082688239,BD1R150
352217082684642,BD1R150
354164080579002,BD1R150
354164080579069,BD1R150
354164080579192,BD1R150
354164080579267,BD1R150
354164080579564,BD1R150
354608089085148,BD1R150
354608089085254,BD1R150
354164080584887,BD1R150
354164080581081,BD1R150
354608089063392,BD1R150
354608089084471,BD1R150
354608089079489,BD1R150
354608089079497,BD1R150
354608089062402,BD1R150
354608089073375,BD1R150
358449073902311,BD1R150
352217082689450,BD1R150
353412071103790,BD1R150
353412071103865,BD1R150
353412071104038,BD1R150
353412071086797,BD1R150
359945071180668,BD1R150
359945071178134,BD1R150
359945070641256,BD1R150
352217082498183,BD1R150
352217082496633,BD1R150
352217082500905,BD1R150
352217082713805,BD1R150
358449073901966,BD1R150
352217082689245,BD1R150
354608089068334,BD1R150
354608088999745,BD1R150
354608089073532,BD1R150
354608089069332,BD1R150
354608089069746,BD1R150
354608089071379,BD1R150
354608089070082,BD1R150
354608089082889,BD1R150
354608089082905,BD1R150
354608089083127,BD1R150
354608089036091,BD1R150
354608089036109,BD1R150
354608089036190,BD1R150
354608089033411,BD1R150
354164080541705,BD1R150
354164080541556,BD1R150
354608089034989,BD1R150
354608089072724,BD1R150
352217082688171,BD1R150
354164080580158,BD1R150
353412071105035,BD1R150
353412071105068,BD1R150
352217082689641,BD1R150
352217082690078,BD1R150
354453074427678,BD1R150
352217082688718,BD1R150
352217082699806,BD1R150
354608089073227,BD1R150
354608089093258,BD1R150
354608089034641,BD1R150
352217082718382,BD1R150
352217082718853,BD1R150
352217082690060,BD1R150
352217082687298,BD1R150
354306080926408,BD1R150
355316074940801,BD1R150
354306080927968,BD1R150
354164080578707,BD1R150
354608089004123,BD1R150
354608089074852,BD1R150
354608089001780,BD1R150
354608089021622,BD1R150
354608089013264,BD1R150
354608089013520,BD1R150
353412071104947,BD1R150
353505072933469,BD1R150
353505072934202,BD1R150
352217082724901,BD1R150
352217082724927,BD1R150
354737082707208,BD1R150
352217082723861,BD1R150
352217082728944,BD1R150
354306080366084,BD1R150
354306080370847,BD1R150
354306080372942,BD1R150
354306080370995,BD1R150
355272070925355,BD1R150
358449073925973,BD1R150
354608089028031,BD1R150
353412071088777,BD1R150
353412071088785,BD1R150
354164080580729,BD1R150
354306080765228,BD1R150
355316074821639,BD1R150
354164080559699,BD1R150
354164080542935,BD1R150
354737082706994,BD1R150
354737082708677,BD1R150
354306080912200,BD1R150
354306080911533,BD1R150
354306080904678,BD1R150
354306080921656,BD1R150
354306080912911,BD1R150
354306080916904,BD1R150
354306080926143,BD1R150
354306080926952,BD1R150
354306080926622,BD1R150
354306080928453,BD1R150
354306080915351,BD1R150
354608089028379,BD1R150
354608089028411,BD1R150
354608089028437,BD1R150
354608089033627,BD1R150
354608089035143,BD1R150
354608089033056,BD1R150
354608088997780,BD1R150
354608088997970,BD1R150
354608088997988,BD1R150
354608089093332,BD1R150
354608089093381,BD1R150
354608089093399,BD1R150
354608089098125,BD1R150
354608089096798,BD1R150
354608089071445,BD1R150
354608089089595,BD1R150
354608089089603,BD1R150
354608089089611,BD1R150
354608089032264,BD1R150
354608089031795,BD1R150
353505072961437,BD1R150
353505072964480,BD1R150
353505072964571,BD1R150
354737082707026,BD1R150
353412071109268,BD1R150
353412071109284,BD1R150
353412071106413,BD1R150
355316075351644,BD1R150
354608089036414,BD1R150
354608089036430,BD1R150
354608088994522,BD1R150
354608089009148,BD1R150
354608089032017,BD1R150
354608089032157,BD1R150
354608089031266,BD1R150
354608089030847,BD1R150
354608089061354,BD1R150
354608089060836,BD1R150
354608089034229,BD1R150
354608089033981,BD1R150
353412071064968,BD1R150
354608089083390,BD1R150
353412071064026,BD1R150
353412071064380,BD1R150
354608089083341,BD1R150
352217082717400,BD1R150
359945070641058,BD1R150
355272070814203,BD1R150
354306080914958,BD1R150
354306080917217,BD1R150
354306080918512,BD1R150
354608089078770,BD1R150
354608089078804,BD1R150
354164080584721,BD1R150
354164080585371,BD1R150
354164080584515,BD1R150
355272070927799,BD1R150
354608089031464,BD1R150
354608089031498,BD1R150
354608089031530,BD1R150
354608089031548,BD1R150
354608089031589,BD1R150
354608089031597,BD1R150
354608089031613,BD1R150
354608089070421,BD1R150
354608089028387,BD1R150
354608089071478,BD1R150
353412071121768,BD1R150
354737082707992,BD1R150
356825078168150,BD1R150
355316074794711,BD1R150
352217082723929,BD1R150
352217082724059,BD1R150
352217082724091,BD1R150
352217082714043,BD1R150
352217082713391,BD1R150
352217082690235,BD1R150
352217082690722,BD1R150
355316074793515,BD1R150
355316074793440,BD1R150
355272070925348,BD1R150
354306080915153,BD1R150
352217082698931,BD1R150
352217082698972,BD1R150
352217082699046,BD1R150
352217082699053,BD1R150
352217082698899,BD1R150
354306080918561,BD1R150
354306080920377,BD1R150
354306080920450,BD1R150
354306080913372,BD1R150
354306080914040,BD1R150
354306080921425,BD1R150
354306080921441,BD1R150
354306080917464,BD1R150
354306080920534,BD1R150
354306080910840,BD1R150
354306080909719,BD1R150
354306080905584,BD1R150
354306080905931,BD1R150
354306080906806,BD1R150
354306080909222,BD1R150
354306080909461,BD1R150
354306080908646,BD1R150
354306080911368,BD1R150
354306080911384,BD1R150
354164080578285,BD1R150
354164080578301,BD1R150
354164080578061,BD1R150
354164080577287,BD1R150
354164080578483,BD1R150
354164080579853,BD1R150
354164080585223,BD1R150
354306080912135,BD1R150
354306080912226,BD1R150
354306080918793,BD1R150
354306080919361,BD1R150
354306080919395,BD1R150
354164080578772,BD1R150
354164080578863,BD1R150
352217082697826,BD1R150
352217082698055,BD1R150
352217082698386,BD1R150
352217082697198,BD1R150
354164080576560,BD1R150
352217082698394,BD1R150
355272070932476,BD1R150
355272070912866,BD1R150
359945071174935,BD1R150
354306080850103,BD1R150
354306080842498,BD1R150
354306080850293,BD1R150
354306080845442,BD1R150
354164080545011,BD1R150
354164080543883,BD1R150
352217082695911,BD1R150
354608089071130,BD1R150
354608089071148,BD1R150
352217082699442,BD1R150
354164080584945,BD1R150
354164080581453,BD1R150
354164080581917,BD1R150
354608089077301,BD1R150
354164080580810,BD1R150
354164080580281,BD1R150
353407081739914,BD1R150
353407081976763,BD1R150
353407081740821,BD1R150
352217082719695,BD1R150
352217082719836,BD1R150
352217082719877,BD1R150
352217082719919,BD1R150
352217082719927,BD1R150
352217082720073,BD1R150
352217082720081,BD1R150
352217082720131,BD1R150
353412071095582,BD1R150
353412071095269,BD1R150
354608089079380,BD1R150
354608089036133,BD1R150
354608089017257,BD1R150
355316074824526,BD1R150
354608089034799,BD1R150
354608089018420,BD1R150
354608089018511,BD1R150
353505073020621,BD1R150
353505073020654,BD1R150
355316074938581,BD1R150
353505073021496,BD1R150
353505073021504,BD1R150
353505073021629,BD1R150
355272070863598,BD1R150
355272070793449,BD1R150
355272070798570,BD1R150
355272070798927,BD1R150
354164080582147,BD1R150
354164080585108,BD1R150
355272070797986,BD1R150
355272070798042,BD1R150
355272070927567,BD1R150
355272070927989,BD1R150
355272070927658,BD1R150
355272070927757,BD1R150
355272070927856,BD1R150
355272070927880,BD1R150
355272070927922,BD1R150
355272070927948,BD1R150
353407081741191,BD1R150
353407081726697,BD1R150
352217082711478,BD1R150
352217082728894,BD1R150
352217082700976,BD1R150
352217082703509,BD1R150
352217082697784,BD1R150
355272070878182,BD1R150
355272070819277,BD1R150
355272070881210,BD1R150
352217082703053,BD1R150
355272070816158,BD1R150
353505073015597,BD1R150
353505073018492,BD1R150
358005072116715,BD1R150
358449073933936,BD1R150
354608089068664,BD1R150
354608089027819,BD1R150
354164080541101,BD1R150
354164080541259,BD1R150
354164080543784,BD1R150
353412071088694,BD1R150
354164080544246,BD1R150
354164080541523,BD1R150
353412071064430,BD1R150
353412071063754,BD1R150
354608089079117,BD1R150
353412071089221,BD1R150
354608089073003,BD1R150
354737082708610,BD1R150
352217082687876,BD1R150
352217082689831,BD1R150
353505073020233,BD1R150
354306080905949,BD1R150
353412071103204,BD1R150
353412071106082,BD1R150
353412071122345,BD1R150
355316074814840,BD1R150
354608088997434,BD1R150
354608089071239,BD1R150
354608089071247,BD1R150
352217082721733,BD1R150
352217082719406,BD1R150
352217082703376,BD1R150
354608089024055,BD1R150
353412071088728,BD1R150
353412071088751,BD1R150
353412071089627,BD1R150
353412071089213,BD1R150
353412071105985,BD1R150
355316075340985,BD1R150
352217082716766,BD1R150
352217082718861,BD1R150
352217082703624,BD1R150
352217082703657,BD1R150
354306080915385,BD1R150
354608089001590,BD1R150
354608088999844,BD1R150
353412071121628,BD1R150
355316075348194,BD1R150
355316075348418,BD1R150
358449074185015,BD1R150
352217082715057,BD1R150
354608089036463,BD1R150
354608089036901,BD1R150
353505073016975,BD1R150
354608088995602,BD1R150
352217082713649,BD1R150
354608089077608,BD1R150
354608089001715,BD1R150
352217082698832,BD1R150
358449073903319,BD1R150
358449073903186,BD1R150
352217082703566,BD1R150
352217082702998,BD1R150
354608088996436,BD1R150
354608089034658,BD1R150
353505073016090,BD1R150
355316074757205,BD1R150
354608089036620,BD1R150
354608088999760,BD1R150
354608089033882,BD1R150
354608089071387,BD1R150
354608088996378,BD1R150
358449073903046,BD1R150
353412071105530,BD1R150
354164080579259,BD1R150
354164080579226,BD1R150
354164080545862,BD1R150
354453074595771,BD1R150
354164080584523,BD1R150
354164080584408,BD1R150
354164080576941,BD1R150
354164080579234,BD1R150
354608089071916,BD1R150
354164080580828,BD1R150
354164080577337,BD1R150
354164080583228,BD1R150
354164080585702,BD1R150
354608089015004,BD1R150
355316075089418,BD1R150
353505073035389,BD1R150
355272070816059,BD1R150
355272070816174,BD1R150
355272070872631,BD1R150
354608088350675,BD1R150
353412071052039,BD1R150
355316075095522,BD1R150
354608088351178,BD1R150
359945071733938,BD1R150
359945071736915,BD1R150
353505073036585,BD1R150
354923081303682,BD1R150
354923081298684,BD1R150
354923081298718,BD1R150
354923081301256,BD1R150
355272070867193,BD1R150
355272070867292,BD1R150
354306080764981,BD1R150
352217082633052,BD1R150
352217082640941,BD1R150
354608089074936,BD1R150
353412071106298,BD1R150
354608089067492,BD1R150
354164080541622,BD1R150
354164080541655,BD1R150
355316074756819,BD1R150
354306080928867,BD1R150
354306080929188,BD1R150
354306080922035,BD1R150
354306080926598,BD1R150
352217082726708,BD1R150
352217082726815,BD1R150
354164080576784,BD1R150
352217082715818,BD1R150
352217082715974,BD1R150
355316074752131,BD1R150
354306080919437,BD1R150
354306080919387,BD1R150
354306080919197,BD1R150
354306080918694,BD1R150
354306080918751,BD1R150
354164080578459,BD1R150
354164080577451,BD1R150
354164080544204,BD1R150
354164080539774,BD1R150
354306080911491,BD1R150
354306080920757,BD1R150
354306080921201,BD1R150
354306080921300,BD1R150
354306080921367,BD1R150
354306080921417,BD1R150
354306080921508,BD1R150
354306080927638,BD1R150
354306080920484,BD1R150
354306080920500,BD1R150
354306080920286,BD1R150
354306080920302,BD1R150
354306080921813,BD1R150
354306080929832,BD1R150
354306080929857,BD1R150
354306080930319,BD1R150
354306080932166,BD1R150
354306080932786,BD1R150
354306080932505,BD1R150
354306080932554,BD1R150
354306080912242,BD1R150
354306080912440,BD1R150
354306080931002,BD1R150
354306080931077,BD1R150
354306080931085,BD1R150
354306080931192,BD1R150
352217082727649,BD1R150
352217082727037,BD1R150
352217082727094,BD1R150
352217082727136,BD1R150
352217082727144,BD1R150
352217082727169,BD1R150
352217082727201,BD1R150
354164080541507,BD1R150
354164080540400,BD1R150
354164080578657,BD1R150
354164080578871,BD1R150
354164080578889,BD1R150
354164080578822,BD1R150
354164080578715,BD1R150
354164080582212,BD1R150
354164080582220,BD1R150
352217082717954,BD1R150
352217082718044,BD1R150
352217082717327,BD1R150
352217082717814,BD1R150
354164080543768,BD1R150
355316074747214,BD1R150
352217082714696,BD1R150
354164080545805,BD1R150
352217082723713,BD1R150
352217082723804,BD1R150
354453074419972,BD1R150
359370065802161,BD1R150
352217082721261,BD1R150
352217082688999,BD1R150
352217082689385,BD1R150
352217082688338,BD1R150
354608089024600,BD1R150
354608089016721,BD1R150
354737082706085,BD1R150
353412071087647,BD1R150
353412071087738,BD1R150
352217082697644,BD1R150
354453074317598,BD1R150
354453074317705,BD1R150
352217082702659,BD1R150
354608089083358,BD1R150
354608089083572,BD1R150
354453074429468,BD1R150
354453074429799,BD1R150
353412071037758,BD1R150
354608089015350,BD1R150
353412071106256,BD1R150
353412071107221,BD1R150
358005072093377,BD1R150
352217082725023,BD1R150
352217082725056,BD1R150
352217082725106,BD1R150
352217082725338,BD1R150
352217082725429,BD1R150
352217082720446,BD1R150
355272070837774,BD1R150
355272070835976,BD1R150
355272070836586,BD1R150
355272070836735,BD1R150
355272070836909,BD1R150
355272070836917,BD1R150
353412071038277,BD1R150
353412071038376,BD1R150
353412071038426,BD1R150
353412071038434,BD1R150
353412071038715,BD1R150
354923081300621,BD1R150
355316074766859,BD1R150
354306080931465,BD1R150
354306080927802,BD1R150
354306080919700,BD1R150
354306080919775,BD1R150
354306080919916,BD1R150
354453074412902,BD1R150
353412071111009,BD1R150
353412071038541,BD1R150
353412071109557,BD1R150
355316074817884,BD1R150
355316074817280,BD1R150
355316074817322,BD1R150
355316074814394,BD1R150
353412071087704,BD1R150
352217082688536,BD1R150
352217082711460,BD1R150
353505072897359,BD1R150
353505072904478,BD1R150
352217082703004,BD1R150
352217082702931,BD1R150
353412071086862,BD1R150
354306080911517,BD1R150
354306080921722,BD1R150
358449074184455,BD1R150
358449074184554,BD1R150
358449073902253,BD1R150
358449073903335,BD1R150
354737082706200,BD1R150
352217082717970,BD1R150
352217082702626,BD1R150
352217082702667,BD1R150
352217082702758,BD1R150
352217082720115,BD1R150
354306080914016,BD1R150
354306080917597,BD1R150
354306080908976,BD1R150
354306080907838,BD1R150
354306080927224,BD1R150
354306080930897,BD1R150
352217082718630,BD1R150
354306080916003,BD1R150
354306080916029,BD1R150
355316074959603,BD1R150
353412071089239,BD1R150
358449073902105,BD1R150
352217082689765,BD1R150
355272070881723,BD1R150
355272070933235,BD1R150
355272070876145,BD1R150
354306080927307,BD1R150
355272070881186,BD1R150
355316075021759,BD1R150
355316075020421,BD1R150
353407081734022,BD1R150
353407081734261,BD1R150
354737082708362,BD1R150
352217082689591,BD1R150
354737082707281,BD1R150
353412071102644,BD1R150
352217082689369,BD1R150
352217082690532,BD1R150
352217082690698,BD1R150
352217082690748,BD1R150
352217082690763,BD1R150
352217082688635,BD1R150
355316074276099,BD1R150
354306080914719,BD1R150
354737082706713,BD1R150
354737082708750,BD1R150
354306080911830,BD1R150
354306080913067,BD1R150
354306080906004,BD1R150
352217082683586,BD1R150
355272070879347,BD1R150
354737082706473,BD1R150
354923081315819,BD1R150
354923081315967,BD1R150
352217082644802,BD1R150
352217082543400,BD1R150
352217082640875,BD1R150
352217082641832,BD1R150
352217082494281,BD1R150
354306080831160,BD1R150
354306080831244,BD1R150
353505072936892,BD1R150
353505072937023,BD1R150
353505072937122,BD1R150
353505072937189,BD1R150
353505072937288,BD1R150
352217080360021,BD1R150
352217082689955,BD1R150
354306080911939,BD1R150
353407080690076,BD1R150
353407081733016,BD1R150
353505072964563,BD1R150
353505072964746,BD1R150
353505072964753,BD1R150
353412071107320,BD1R150
354453074427694,BD1R150
354453074429476,BD1R150
353412071122147,BD1R150
353412071121834,BD1R150
353412071122550,BD1R150
353505072961601,BD1R150
353505072961254,BD1R150
353505072961288,BD1R150
353505072967723,BD1R150
353412071106439,BD1R150
353412071106470,BD1R150
354737082708685,BD1R150
354737082708263,BD1R150
358005072097543,BD1R150
358005072097691,BD1R150
353407081733917,BD1R150
353407081720435,BD1R150
353407081732059,BD1R150
358449073902378,BD1R150
354737082708933,BD1R150
358449073902279,BD1R150
354737082707547,BD1R150
359945071178225,BD1R150
352217082723077,BD1R150
352217082704572,BD1R150
352217082703137,BD1R150
352217082699327,BD1R150
358005072095885,BD1R150
355316074914913,BD1R150
354923081315843,BD1R150
354923081315876,BD1R150
355272070837006,BD1R150
355272070837014,BD1R150
354923081304193,BD1R150
354923081313103,BD1R150
354923081313236,BD1R150
354923081298874,BD1R150
354923081299120,BD1R150
355272070817958,BD1R150
354923081302809,BD1R150
352217082703475,BD1R150
352217082703111,BD1R150
354923080619567,BD1R150
353412071122162,BD1R150
352217082690029,BD1R150
352217082690607,BD1R150
358449073902139,BD1R150
354737082708305,BD1R150
353412071114227,BD1R150
355316075345703,BD1R150
359945071182235,BD1R150
354306080917399,BD1R150
355316075022054,BD1R150
355316075024548,BD1R150
352217082722533,BD1R150
354306080929493,BD1R150
352217082689583,BD1R150
355272070934142,BD1R150
355272070874918,BD1R150
355272070233701,BD1R150
355272070812298,BD1R150
355272070812397,BD1R150
354306080912457,BD1R150
354737082708875,BD1R150
353412071104749,BD1R150
353407081732364,BD1R150
353407081739856,BD1R150
353407081721508,BD1R150
352217082702774,BD1R150
354306080704342,BD1R150
354306080764288,BD1R150
354923081305752,BD1R150
354923081299047,BD1R150
353407081734121,BD1R150
354923081317666,BD1R150
354923080619013,BD1R150
354923081298940,BD1R150
354923081124054,BD1R150
352217082704044,BD1R150
352217082688353,BD1R150
354306080929451,BD1R150
353412071103626,BD1R150
353412071103642,BD1R150
353412071103980,BD1R150
355272070881061,BD1R150
355272070815994,BD1R150
355272070839226,BD1R150
355272070833724,BD1R150
355272070934670,BD1R150
353412071038111,BD1R150
355272070875907,BD1R150
355272070932435,BD1R150
355272070932443,BD1R150
355272070875105,BD1R150
355272070875113,BD1R150
355272070875121,BD1R150
355272070875154,BD1R150
355272070875170,BD1R150
355272070875006,BD1R150
355272070875055,BD1R150
355272070875089,BD1R150
355272070866518,BD1R150
355272070912767,BD1R150
355272070925918,BD1R150
355272070925413,BD1R150
355272070925785,BD1R150
355316075345992,BD1R150
355316075346024,BD1R150
352217082520531,BD1R150
354453074426480,BD1R150
355316074940199,BD1R150
352217082509948,BD1R150
352217082524301,BD1R150
359945071734472,BD1R150
354306080858601,BD1R150
354306080858619,BD1R150
354306080858643,BD1R150
359945071720596,BD1R150
359945071720612,BD1R150
359945071720653,BD1R150
359945071720133,BD1R150
359945071720356,BD1R150
354306080858064,BD1R150
354306080855417,BD1R150
354306080854337,BD1R150
354306080854659,BD1R150
354306080856985,BD1R150
353407081732554,BD1R150
355272070816547,BD1R150
359945071494101,BD1R150
355272070815895,BD1R150
355272070831868,BD1R150
355272070832049,BD1R150
355272070832064,BD1R150
355272070819152,BD1R150
354453074428502,BD1R150
354923081314036,BD1R150
354923081320280,BD1R150
354453074429484,BD1R150
354453074429526,BD1R150
354453074429633,BD1R150
354453074424659,BD1R150
353412071051924,BD1R150
353505073021751,BD1R150
353505073020480,BD1R150
353505073020498,BD1R150
353412071063002,BD1R150
353412071063366,BD1R150
353412071095657,BD1R150
354453074426183,BD1R150
355272070878653,BD1R150
353407081726085,BD1R150
353407081731523,BD1R150
355272070877598,BD1R150
354737082707042,BD1R150
354737082708628,BD1R150
354737082707075,BD1R150
354306080866513,BD1R150
359945071734092,BD1R150
359945071734035,BD1R150
359945071734225,BD1R150
359945071734381,BD1R150
354306080861019,BD1R150
359945071735586,BD1R150
353505073019581,BD1R150
354737082739888,BD1R150
353505073020928,BD1R150
354306080928529,BD1R150
354737082709782,BD1R150
358449073902576,BD1R150
358449073902683,BD1R150
353412071065379,BD1R150
353412071065429,BD1R150
358005072097956,BD1R150
353412071066385,BD1R150
355272070835844,BD1R150
354306080350799,BD1R150
354923081319506,BD1R150
354923081313020,BD1R150
354923081313145,BD1R150
355272070829649,BD1R150
354923081298205,BD1R150
355316074952640,BD1R150
353412071110100,BD1R150
353412071110902,BD1R150
354306080921409,BD1R150
354306080917209,BD1R150
354306080918470,BD1R150
354306080919494,BD1R150
355272070886268,BD1R150
352217082690730,BD1R150
355272070887555,BD1R150
354306080914966,BD1R150
353505073014699,BD1R150
352217082688551,BD1R150
353412071087332,BD1R150
353412071086821,BD1R150
354923081316270,BD1R150
354923081315801,BD1R150
354923081315637,BD1R150
354923081315694,BD1R150
354737082706796,BD1R150
354737082706549,BD1R150
354737082708719,BD1R150
353412071095673,BD1R150
352217082581954,BD1R150
352217082564026,BD1R150
352217082564034,BD1R150
352217082580709,BD1R150
354737082707000,BD1R150
353407081739583,BD1R150
354923081306131,BD1R150
355272070816562,BD1R150
355272070874611,BD1R150
355272070874710,BD1R150
355272070823873,BD1R150
353412071069090,BD1R150
353412071068795,BD1R150
353412071050546,BD1R150
353505073015035,BD1R150
353505073013931,BD1R150
353505073013980,BD1R150
353505073014202,BD1R150
353412071065619,BD1R150
353505073020738,BD1R150
353412071087431,BD1R150
353412071094742,BD1R150
353412071096143,BD1R150
353412071095277,BD1R150
353412071095418,BD1R150
353505073014798,BD1R150
354306080377693,BD1R150
354737082707612,BD1R150
353412071095723,BD1R150
353412071066468,BD1R150
353412071066666,BD1R150
353412071094379,BD1R150
353412071094395,BD1R150
353412071094437,BD1R150
353412071094668,BD1R150
355272070826751,BD1R150
355272070831157,BD1R150
355272070829672,BD1R150
354923081297421,BD1R150
354923081297454,BD1R150
354923081297496,BD1R150
354923081298064,BD1R150
355272070835364,BD1R150
353412071065668,BD1R150
354923081304755,BD1R150
354923081304854,BD1R150
353412070997838,BD1R150
355272070824566,BD1R150
354737082709048,BD1R150
356825078167590,BD1R150
354737082706952,BD1R150
355316074944076,BD1R150
355316074944084,BD1R150
353505073010952,BD1R150
353505073010986,BD1R150
354306080485843,BD1R150
353505073010937,BD1R150
354306080491916,BD1R150
354306080485652,BD1R150
353505073012966,BD1R150
353505073021736,BD1R150
353505073020472,BD1R150
353412071053847,BD1R150
359945071175106,BD1R150
359945070977932,BD1R150
354453074325864,BD1R150
359945071188265,BD1R150
353505073011042,BD1R150
354306080490447,BD1R150
354306080928735,BD1R150
358005072095638,BD1R150
358449073902113,BD1R150
354737082706176,BD1R150
355316074951840,BD1R150
355316074945685,BD1R150
353412071065569,BD1R150
353412071065783,BD1R150
354737082708693,BD1R150
354737082705996,BD1R150
354737082708057,BD1R150
352217082702956,BD1R150
353412071108211,BD1R150
355272070881509,BD1R150
355272070887050,BD1R150
355272070879065,BD1R150
355272070877580,BD1R150
355272070877796,BD1R150
355272070877838,BD1R150
355272070877853,BD1R150
355272070878406,BD1R150
355272070878257,BD1R150
355272070878265,BD1R150
355272070878299,BD1R150
352217082727276,BD1R150
352217082727300,BD1R150
352217082727383,BD1R150
352217082727409,BD1R150
352217082727532,BD1R150
352217082727565,BD1R150
352217082732227,BD1R150
352217082732375,BD1R150
352217082732490,BD1R150
352217082732516,BD1R150
352217082732607,BD1R150
353412071048532,BD1R150
353412071066682,BD1R150
355272070884743,BD1R150
352217082690086,BD1R150
352217082542956,BD1R150
352217082542980,BD1R150
352217082543244,BD1R150
352217082731203,BD1R150
352217082730692,BD1R150
352217082730866,BD1R150
352217082731021,BD1R150
352217082726526,BD1R150
354306080370680,BD1R150
354306080856464,BD1R150
354923081311347,BD1R150
359945071181336,BD1R150
355272070818188,BD1R150
352217082542915,BD1R150
353412071096200,BD1R150
355272070826389,BD1R150
358449073901370,BD1R150
352217082531686,BD1R150
352217082531884,BD1R150
352217082531892,BD1R150
352217082644703,BD1R150
353505073020597,BD1R150
353505073021876,BD1R150
353505072904601,BD1R150
353505073037153,BD1R150
355272070874603,BD1R150
355272070874637,BD1R150
355272070874660,BD1R150
359945071693595,BD1R150
354306080821245,BD1R150
354306080831780,BD1R150
354306080831210,BD1R150
353505073015738,BD1R150
355272070817552,BD1R150
355272070817578,BD1R150
359945071542701,BD1R150
359945071493533,BD1R150
353412071056725,BD1R150
353412071068761,BD1R150
353412071059422,BD1R150
353412071094346,BD1R150
353412071067706,BD1R150
358005072117424,BD1R150
353412071068902,BD1R150
353505073020795,BD1R150
353505073020878,BD1R150
355272070827239,BD1R150
355272070816588,BD1R150
352217082543251,BD1R150
353412071038335,BD1R150
353412071038509,BD1R150
354923081311602,BD1R150
354306080351524,BD1R150
359945071726999,BD1R150
353505072932149,BD1R150
355272070873381,BD1R150
354306080502530,BD1R150
354306080502811,BD1R150
354306080502159,BD1R150
352217082499587,BD1R150
352217082499660,BD1R150
352217082499769,BD1R150
354306080490678,BD1R150
352217082497417,BD1R150
354306080497871,BD1R150
354306080498077,BD1R150
354306080497525,BD1R150
354306080503819,BD1R150
354306080501896,BD1R150
354306080503017,BD1R150
354306080503405,BD1R150
354306080503512,BD1R150
354306080503561,BD1R150
354306080503579,BD1R150
354306080503603,BD1R150
354306080503637,BD1R150
354306080501755,BD1R150
354306080501771,BD1R150
354306080501789,BD1R150
354306080501805,BD1R150
355272070875402,BD1R150
353505073018427,BD1R150
353505073018252,BD1R150
353505073018138,BD1R150
353505073016025,BD1R150
355272070874132,BD1R150
355272070874199,BD1R150
355272070874223,BD1R150
355272070874249,BD1R150
355272070874264,BD1R150
355272070874694,BD1R150
355272070875360,BD1R150
352217082543376,BD1R150
352217082543426,BD1R150
355272070880808,BD1R150
352217082489943,BD1R150
359945071543865,BD1R150
359945071541463,BD1R150
359945071541513,BD1R150
359945071541521,BD1R150
359945071541661,BD1R150
359945071541687,BD1R150
359945071542065,BD1R150
359945071542156,BD1R150
353505073015696,BD1R150
353505073015720,BD1R150
353505073015837,BD1R150
353505073018633,BD1R150
354923081316726,BD1R150
359945071542883,BD1R150
359945071542438,BD1R150
352217082543095,BD1R150
352217082500632,BD1R150
355272070839317,BD1R150
354923081295680,BD1R150
354923081300159,BD1R150
354923081319142,BD1R150
354923081297777,BD1R150
355272070827486,BD1R150
355272070831140,BD1R150
353412071068332,BD1R150
354923081317898,BD1R150
354923081313178,BD1R150
354923080619997,BD1R150
354923081303807,BD1R150
354306080500146,BD1R150
354306080704821,BD1R150
354923081313046,BD1R150
353412071066690,BD1R150
354923080620045,BD1R150
359945071726536,BD1R150
352217082542907,BD1R150
352217082543434,BD1R150
353505072944508,BD1R150
352217082497250,BD1R150
352217082489158,BD1R150
355316074939779,BD1R150
355316074937781,BD1R150
352217082497086,BD1R150
359945071724515,BD1R150
353505073013006,BD1R150
353505073013022,BD1R150
353505073013642,BD1R150
353505073013766,BD1R150
353505073013865,BD1R150
353505073015878,BD1R150
353412071066609,BD1R150
352217082531819,BD1R150
354306080857801,BD1R150
359945071692597,BD1R150
358449073896554,BD1R150
358449073897636,BD1R150
358449073901974,BD1R150
353505073036783,BD1R150
354923081320017,BD1R150
354306080856258,BD1R150
354923081305968,BD1R150
354923080620078,BD1R150
354923081301520,BD1R150
359945071180064,BD1R150
353412071094502,BD1R150
359945071176567,BD1R150
353412071051916,BD1R150
353412071093942,BD1R150
359945071692456,BD1R150
353412071095186,BD1R150
353412071095251,BD1R150
355272070877135,BD1R150
355272070856444,BD1R150
355272070856253,BD1R150
359945071179413,BD1R150
355272070880907,BD1R150
358005072117598,BD1R150
358005072117614,BD1R150
359945071180312,BD1R150
359945071494150,BD1R150
359945071541349,BD1R150
353412071038681,BD1R150
353505072947097,BD1R150
353505073038730,BD1R150
355272070818204,BD1R150
353412071094809,BD1R150
353412071094007,BD1R150
353412071094015,BD1R150
353412071094072,BD1R150
353412071087217,BD1R150
353412071087084,BD1R150
355272070837253,BD1R150
355272070837469,BD1R150
355272070873977,BD1R150
355272070873993,BD1R150
355272070874322,BD1R150
358005072117507,BD1R150
355272070824574,BD1R150
355272070824624,BD1R150
354306080372678,BD1R150
355272070817388,BD1R150
354306080856225,BD1R150
354306080365375,BD1R150
355316074936882,BD1R150
352217082580337,BD1R150
352217082580360,BD1R150
355272070829813,BD1R150
354306080834412,BD1R150
359945071493558,BD1R150
359945071493608,BD1R150
352217082641055,BD1R150
352217082526868,BD1R150
352217082525407,BD1R150
352217082525555,BD1R150
352217082526140,BD1R150
359945071720380,BD1R150
359945071733748,BD1R150
354923081316254,BD1R150
354923081301025,BD1R150
354923081300563,BD1R150
358005072116970,BD1R150
355316074866014,BD1R150
354306080857314,BD1R150
352217082524525,BD1R150
352217082528716,BD1R150
352217082528906,BD1R150
353412071055883,BD1R150
355316074958605,BD1R150
355316074958753,BD1R150
353505072938468,BD1R150
353505072938567,BD1R150
354306080820767,BD1R150
354306080820775,BD1R150
354306080828745,BD1R150
354306080856035,BD1R150
355316074954497,BD1R150
352217082543269,BD1R150
352217082542998,BD1R150
355316074938102,BD1R150
355316074937526,BD1R150
354306080855953,BD1R150
352217082490040,BD1R150
354306080892634,BD1R150
354306080890083,BD1R150
353412070997911,BD1R150
353412071064950,BD1R150
354306080850145,BD1R150
354306080845400,BD1R150
354306080850384,BD1R150
353412071064489,BD1R150
354923081318193,BD1R150
354306080854980,BD1R150
353412071063259,BD1R150
354306080831194,BD1R150
352217082543418,BD1R150
355272070874173,BD1R150
355272070833039,BD1R150
355272070818006,BD1R150
355272070832650,BD1R150
353505073037567,BD1R150
353505073037039,BD1R150
354923081312451,BD1R150
355272070834052,BD1R150
355272070817834,BD1R150
355272070836271,BD1R150
355272070836313,BD1R150
355272070836339,BD1R150
355272070836446,BD1R150
355272070832817,BD1R150
355272070832908,BD1R150
355272070833294,BD1R150
355272070883752,BD1R150
355272070835281,BD1R150
355272070831256,BD1R150
353412071087126,BD1R150
355272070832742,BD1R150
355272070832767,BD1R150
355272070818998,BD1R150
355272070873530,BD1R150
355272070834367,BD1R150
353412071093934,BD1R150
359945071494184,BD1R150
359945071493665,BD1R150
359945071493947,BD1R150
359945071494028,BD1R150
359945071494051,BD1R150
359945071493517,BD1R150
358449073902063,BD1R150
355272070835588,BD1R150
352217082518519,BD1R150
352217082524624,BD1R150
352217082524665,BD1R150
352217082524715,BD1R150
352217082524756,BD1R150
352217082525159,BD1R150
353412071087068,BD1R150
355316074865412,BD1R150
359945071175205,BD1R150
358005072117283,BD1R150
352217082643853,BD1R150
352217082520143,BD1R150
354608088351053,BD1R150
354608088321965,BD1R150
354923081300290,BD1R150
353412071095053,BD1R150
354306080854261,BD1R150
355272070870130,BD1R150
355272070818139,BD1R150
355272070834284,BD1R150
355272070835836,BD1R150
355272070826744,BD1R150
353412071087100,BD1R150
354923081295961,BD1R150
355316074937096,BD1R150
354923081295789,BD1R150
354923081295953,BD1R150
354453074174874,BD1R150
354923081297702,BD1R150
352217082516927,BD1R150
352217082652250,BD1R150
355316075021510,BD1R150
355316075021692,BD1R150
355316075024043,BD1R150
355316075024399,BD1R150
352217082491303,BD1R150
353412071094056,BD1R150
353412071094122,BD1R150
353412071094676,BD1R150
353412071089114,BD1R150
354306080857330,BD1R150
352217081629028,BD1R150
352217080900859,BD1R150
359945071174034,BD1R150
355272070884248,BD1R150
358005072117200,BD1R150
353412071050702,BD1R150
353412071050850,BD1R150
353412071068936,BD1R150
353412071065312,BD1R150
353412071065346,BD1R150
354923081311503,BD1R150
354306080371340,BD1R150
354306080821088,BD1R150
353412070956172,BD1R150
353412070957014,BD1R150
359945071720638,BD1R150
359945071501475,BD1R150
359945070751105,BD1R150
354306080248357,BD1R150
358005072116871,BD1R150
352217082526504,BD1R150
354306080831178,BD1R150
355316074937799,BD1R150
355316074937088,BD1R150
352217082496609,BD1R150
358449073897578,BD1R150
354306080858932,BD1R150
352217082523402,BD1R150
352217082524053,BD1R150
352217082526371,BD1R150
352217082524384,BD1R150
352217082524459,BD1R150
354306080702015,BD1R150
354306080701173,BD1R150
354306080860474,BD1R150
354306080698627,BD1R150
358005072116954,BD1R150
358005072116749,BD1R150
352217082524822,BD1R150
352217082641121,BD1R150
355316074864944,BD1R150
353412071087290,BD1R150
354453074425706,BD1R150
354453074421143,BD1R150
354453074421291,BD1R150
354453074422919,BD1R150
354453074422950,BD1R150
359945071731619,BD1R150
353412071094916,BD1R150
355272070834938,BD1R150
355272070830787,BD1R150
359945071713344,BD1R150
359945071713369,BD1R150
359945071713401,BD1R150
359945071713567,BD1R150
355316074958043,BD1R150
355316074958050,BD1R150
355316074958076,BD1R150
355316074957821,BD1R150
355316074957888,BD1R150
355316074958001,BD1R150
355316074952624,BD1R150
355316074952830,BD1R150
355316074957292,BD1R150
355316074957342,BD1R150
355316074957391,BD1R150
355316074864977,BD1R150
355316074865156,BD1R150
355316074865164,BD1R150
355316074865735,BD1R150
355316075039553,BD1R150
355316074942013,BD1R150
355316074943003,BD1R150
355316074943128,BD1R150
354923081300415,BD1R150
359945071178209,BD1R150
353412071067557,BD1R150
353412071067607,BD1R150
353412071067631,BD1R150
353412071067763,BD1R150
353412071067789,BD1R150
353412071067912,BD1R150
355316074940652,BD1R150
352217082496948,BD1R150
352217082496955,BD1R150
352217082496963,BD1R150
352217082496989,BD1R150
353412071050363,BD1R150
353412071087274,BD1R150
353412071087019,BD1R150
353412071087092,BD1R150
353412071087183,BD1R150
353412071087209,BD1R150
352217082500079,BD1R150
354923081312352,BD1R150
354923081312410,BD1R150
354923081312436,BD1R150
354306080374807,BD1R150
354306080375234,BD1R150
355316074864621,BD1R150
355316074864639,BD1R150
354306080373841,BD1R150
354306080699856,BD1R150
355316075036559,BD1R150
354453074425326,BD1R150
354453074425391,BD1R150
355272070817925,BD1R150
354306080705539,BD1R150
354453074430557,BD1R150
354453074430599,BD1R150
354306080705745,BD1R150
358005072117788,BD1R150
352217082496641,BD1R150
352217082489240,BD1R150
352217082491246,BD1R150
352217082491485,BD1R150
358005072117499,BD1R150
355272070874330,BD1R150
355272070879461,BD1R150
355272070856048,BD1R150
355272070817305,BD1R150
352217082526900,BD1R150
352217082523808,BD1R150
352217082524210,BD1R150
352217082524293,BD1R150
352217082524319,BD1R150
352217082524434,BD1R150
352217082524442,BD1R150
352217082529524,BD1R150
352217082526629,BD1R150
355272070819046,BD1R150
355272070819285,BD1R150
355272070832783,BD1R150
355272070833401,BD1R150
355316074960825,BD1R150
352217082525191,BD1R150
352217082526165,BD1R150
352217082526041,BD1R150
352217082525142,BD1R150
355316074935280,BD1R150
355316074935330,BD1R150
355316074935074,BD1R150
354737081389172,BD1R150
353412071095434,BD1R150
353412071095533,BD1R150
353412071095566,BD1R150
353412071095855,BD1R150
353412071095863,BD1R150
354923081317989,BD1R150
354923081317997,BD1R150
359945071177003,BD1R150
359945071177060,BD1R150
359945071177342,BD1R150
354923081297967,BD1R150
354923081297538,BD1R150
354923081303252,BD1R150
354923081303559,BD1R150
353505072931893,BD1R150
354923081312709,BD1R150
354923081313251,BD1R150
354923081312501,BD1R150
354923080620870,BD1R150
359945071720851,BD1R150
359945071720398,BD1R150
359945071720075,BD1R150
359945071720091,BD1R150
359945071179793,BD1R150
359945071177805,BD1R150
359945071177839,BD1R150
359945071177961,BD1R150
353505072940175,BD1R150
355272070876673,BD1R150
355272070877002,BD1R150
354306080380267,BD1R150
354306080380416,BD1R150
354306080380861,BD1R150
354306080381075,BD1R150
354923081319647,BD1R150
353412071067458,BD1R150
353412071086912,BD1R150
353412071086938,BD1R150
353412071086987,BD1R150
353412071086995,BD1R150
353412071055511,BD1R150
353412071055529,BD1R150
353412071057921,BD1R150
353412071050397,BD1R150
353412071050942,BD1R150
353412071055362,BD1R150
353412071093991,BD1R150
353412071094023,BD1R150
353412071094080,BD1R150
353412071094148,BD1R150
353412071094221,BD1R150
353412071094320,BD1R150
353412071094338,BD1R150
353412071094353,BD1R150
353412071094429,BD1R150
353412071089452,BD1R150
352217082490651,BD1R150
354453074429880,BD1R150
354453074425169,BD1R150
354453074425177,BD1R150
354453074425201,BD1R150
359945071732609,BD1R150
359945071732641,BD1R150
359945071732336,BD1R150
355316075038993,BD1R150
354306080698973,BD1R150
354306080699070,BD1R150
354306080698254,BD1R150
354306080703476,BD1R150
354306080705299,BD1R150
354306080364667,BD1R150
354306080370342,BD1R150
354306080375978,BD1R150
354306080366829,BD1R150
354306080367504,BD1R150
354306080367785,BD1R150
354306080367819,BD1R150
354306080368114,BD1R150
354306080375986,BD1R150
352217082525282,BD1R150
353412071064117,BD1R150
358449073583772,BD1R150
359945071692829,BD1R150
352217082525241,BD1R150
352217082525423,BD1R150
352217082524608,BD1R150
352217082524871,BD1R150
358449073583509,BD1R150
354306080765970,BD1R150
354306080868543,BD1R150
359945071731510,BD1R150
354923081317724,BD1R150
354923081305372,BD1R150
355272070818246,BD1R150
355272070818600,BD1R150
354923081300852,BD1R150
359945071179512,BD1R150
359945071176724,BD1R150
354453074419451,BD1R150
354453074419295,BD1R150
354453074419303,BD1R150
359945071177953,BD1R150
359945071178142,BD1R150
359945071174661,BD1R150
358449073687110,BD1R150
358449073687540,BD1R150
359945071733896,BD1R150
359945071176625,BD1R150
358449073897610,BD1R150
353412071087589,BD1R150
353412071095038,BD1R150
353412071095061,BD1R150
353412071095160,BD1R150
353412071095194,BD1R150
353412071056527,BD1R150
353412071044085,BD1R150
353412071094692,BD1R150
352217082640024,BD1R150
352217082522115,BD1R150
352217082522057,BD1R150
352217082532585,BD1R150
352217082532668,BD1R150
352217082533245,BD1R150
355316075047267,BD1R150
355316074792244,BD1R150
355316075038084,BD1R150
355316074944936,BD1R150
355316074945362,BD1R150
355316075047382,BD1R150
353412071047914,BD1R150
354923081316049,BD1R150
352217082645650,BD1R150
352217082646872,BD1R150
352217082643317,BD1R150
352217082640545,BD1R150
352217082640578,BD1R150
354306080769352,BD1R150
354306080768875,BD1R150
354306080840393,BD1R150
352217082521976,BD1R150
354306080768131,BD1R150
352217082525365,BD1R150
352217082525225,BD1R150
354923081300506,BD1R150
354923081300704,BD1R150
354923081300746,BD1R150
354923081305778,BD1R150
354923081312386,BD1R150
355272070818048,BD1R150
355272070832395,BD1R150
354923081316163,BD1R150
354923081315785,BD1R150
354923081315850,BD1R150
354923081315975,BD1R150
354923081317377,BD1R150
353412071024962,BD1R150
354923081318862,BD1R150
354923081319332,BD1R150
354923081314127,BD1R150
354923081301595,BD1R150
354923081301629,BD1R150
354923081301678,BD1R150
354923081301884,BD1R150
354923080620086,BD1R150
353412071022123,BD1R150
353412071010805,BD1R150
354306080765871,BD1R150
354306080765889,BD1R150
355316074865628,BD1R150
355316074864654,BD1R150
352217082527817,BD1R150
355272070884750,BD1R150
353505072938575,BD1R150
353505072936199,BD1R150
353412071064505,BD1R150
353412071057863,BD1R150
353505073035405,BD1R150
353505073039563,BD1R150
353505073039589,BD1R150
358005072117440,BD1R150
358005072117721,BD1R150
359945071734399,BD1R150
355316074956591,BD1R150
353505073041197,BD1R150
353505073041825,BD1R150
359945071735248,BD1R150
359945071735669,BD1R150
359945071735677,BD1R150
354306080893509,BD1R150
355272070833450,BD1R150
355272070833153,BD1R150
355272070873753,BD1R150
355272070873779,BD1R150
355272070873878,BD1R150
355272070818212,BD1R150
355272070873506,BD1R150
355272070873431,BD1R150
359945071733573,BD1R150
359945071734233,BD1R150
359945071731783,BD1R150
359945071732112,BD1R150
353412071094874,BD1R150
355272070890575,BD1R150
355272070890518,BD1R150
352224081354375,BD1R150
355316074865230,BD1R150
354306080871133,BD1R150
354923081318474,BD1R150
354306080867297,BD1R150
355316074920159,BD1R150
354306080889655,BD1R150
359945071733102,BD1R150
354306080886644,BD1R150
354306080889127,BD1R150
359945071693751,BD1R150
354608087543015,BD1R150
354608087543130,BD1R150
355316074865388,BD1R150
358005072117184,BD1R150
352224081359010,BD1R150
352224081359028,BD1R150
352224081359036,BD1R150
352224081359119,BD1R150
352224081354300,BD1R150
359945071175197,BD1R150
358449073583871,BD1R150
352217082643309,BD1R150
354453074426696,BD1R150
352217082645122,BD1R150
352217082645171,BD1R150
352224081354391,BD1R150
352224081354409,BD1R150
352224081354433,BD1R150
355272070815499,BD1R150
355272070818253,BD1R150
355272070873514,BD1R150
355272070873548,BD1R150
355272070873795,BD1R150
355272070833344,BD1R150
355272070886995,BD1R150
355272070833211,BD1R150
355316074951865,BD1R150
355272070879826,BD1R150
359945071734753,BD1R150
359945071720117,BD1R150
359945071720430,BD1R150
359945071720455,BD1R150
359945071720570,BD1R150
359945071719846,BD1R150
359945071721065,BD1R150
359945071720737,BD1R150
355316075039702,BD1R150
354923081318284,BD1R150
359945071174026,BD1R150
355272070901075,BD1R150
355272070901083,BD1R150
355272070901885,BD1R150
355272070817636,BD1R150
359945071367745,BD1R150
359945071372695,BD1R150
359945071297967,BD1R150
353412071088843,BD1R150
355316075096447,BD1R150
355272070879800,BD1R150
354608088348497,BD1R150
354608087775948,BD1R150
354608087561355,BD1R150
354608087570372,BD1R150
354608087570414,BD1R150
352217082622626,BD1R150
352217082622865,BD1R150
352217082623053,BD1R150
352217082623103,BD1R150
353412071088991,BD1R150
353412071089015,BD1R150
353412071089106,BD1R150
353412071089619,BD1R150
353412071088769,BD1R150
354923081314051,BD1R150
359945071732229,BD1R150
354923081302247,BD1R150
352224081357451,BD1R150
352224081355836,BD1R150
355272070879677,BD1R150
355272070873928,BD1R150
355272070867631,BD1R150
355272070867268,BD1R150
353412071087670,BD1R150
353412071047856,BD1R150
354923081297033,BD1R150
353412071095467,BD1R150
353412071094908,BD1R150
355272070818881,BD1R150
355272070817461,BD1R150
355272070819160,BD1R150
355272070881871,BD1R150
355272070881988,BD1R150
355316075132499,BD1R150
355316075132820,BD1R150
352224081359069,BD1R150
353412071086953,BD1R150
355316074865982,BD1R150
353412071087514,BD1R150
354608088351186,BD1R150
354306080895082,BD1R150
354306080891123,BD1R150
352217082625249,BD1R150
352217082636501,BD1R150
352217082622774,BD1R150
352217082625421,BD1R150
352217082625462,BD1R150
352217082625561,BD1R150
352217082625611,BD1R150
352217082625637,BD1R150
352217082651757,BD1R150
352217082652185,BD1R150
352217082651138,BD1R150
355272070872623,BD1R150
355272070872805,BD1R150
352217082637566,BD1R150
352217082641006,BD1R150
352217082637582,BD1R150
352217082637681,BD1R150
359945071722055,BD1R150
359945071722113,BD1R150
355316074864811,BD1R150
352224081357899,BD1R150
359945071734159,BD1R150
358449074185650,BD1R150
358449073583715,BD1R150
355272070882002,BD1R150
354306080875159,BD1R150
353412071087340,BD1R150
353412071087472,BD1R150
354923081296001,BD1R150
354923081295755,BD1R150
355316075035916,BD1R150
355316075047119,BD1R150
354923081296225,BD1R150
354923081297710,BD1R150
355272070816356,BD1R150
355272070816083,BD1R150
352217082500129,BD1R150
354608088349222,BD1R150
354608088349396,BD1R150
354608087775666,BD1R150
355272070883380,BD1R150
352217082596911,BD1R150
359945071734670,BD1R150
359945071733615,BD1R150
358449074185825,BD1R150
355272070872649,BD1R150
354608088350741,BD1R150
354608088313962,BD1R150
354608088376969,BD1R150
359945071176401,BD1R150
359945071178183,BD1R150
358005072117085,BD1R150
353505072937601,BD1R150
355272070885211,BD1R150
355272070819293,BD1R150
355272070819327,BD1R150
354608088349545,BD1R150
355272070884396,BD1R150
352217082640586,BD1R150
355316075036823,BD1R150
352217082643473,BD1R150
352217082643564,BD1R150
352217082645635,BD1R150
352217082645742,BD1R150
353412071053854,BD1R150
353505072979926,BD1R150
355316075039157,BD1R150
355316075038290,BD1R150
352217082646864,BD1R150
353505073041221,BD1R150
353505073039159,BD1R150
353505073035900,BD1R150
358005072117366,BD1R150
355272070873456,BD1R150
355272070873555,BD1R150
358005072117861,BD1R150
355316075024092,BD1R150
355316075024274,BD1R150
354923081315249,BD1R150
354923081315272,BD1R150
354923081315355,BD1R150
354923081315090,BD1R150
355316075047341,BD1R150
352217082637657,BD1R150
352217082637780,BD1R150
352217082638093,BD1R150
352217082638192,BD1R150
352217082638325,BD1R150
355316075132754,BD1R150
352224081335549,BD1R150
355272070883620,BD1R150
353412071087605,BD1R150
353412071089601,BD1R150
353505072937460,BD1R150
353505072934772,BD1R150
353505072935035,BD1R150
354306080887105,BD1R150
354306080894119,BD1R150
354306080759536,BD1R150
354306080759304,BD1R150
359945071733524,BD1R150
354306080890075,BD1R150
359945071735354,BD1R150
354306080760690,BD1R150
353505072935381,BD1R150
354306080762993,BD1R150
353505072938419,BD1R150
353505072938526,BD1R150
354608088350337,BD1R150
355316075037003,BD1R150
355316075035981,BD1R150
353505073036809,BD1R150
353505072980353,BD1R150
353505072980403,BD1R150
353505072904775,BD1R150
353505072894455,BD1R150
354306080900049,BD1R150
354306080903852,BD1R150
354306080901898,BD1R150
355316075047556,BD1R150
355316075047697,BD1R150
355316075039488,BD1R150
355316075039579,BD1R150
355316075024126,BD1R150
355316075024142,BD1R150
352217082643663,BD1R150
352217082643689,BD1R150
352217082639570,BD1R150
352217082518592,BD1R150
352217082640149,BD1R150
352217082640156,BD1R150
354923081314838,BD1R150
354923081315173,BD1R150
353412071089569,BD1R150
355272070873522,BD1R150
358005072117481,BD1R150
358005072117531,BD1R150
358005072117556,BD1R150
358449073587351,BD1R150
358449073587385,BD1R150
358449073587393,BD1R150
358449073587096,BD1R150
358449073587278,BD1R150
352217082639646,BD1R150
352217082640081,BD1R150
352217082640008,BD1R150
353412071087415,BD1R150
353412071095400,BD1R150
353412071063457,BD1R150
352217082513171,BD1R150
359945071722766,BD1R150
359945071722014,BD1R150
355316075039462,BD1R150
355316075037995,BD1R150
355316075038274,BD1R150
352217082635677,BD1R150
352217082642509,BD1R150
355316074918021,BD1R150
352217082642277,BD1R150
352217082642525,BD1R150
352224081356610,BD1R150
352224081358285,BD1R150
352224081358301,BD1R150
352224081358319,BD1R150
352224081358327,BD1R150
352224081355976,BD1R150
352224081355703,BD1R150
359945071736600,BD1R150
352217082645528,BD1R150
359945071724770,BD1R150
359945071725801,BD1R150
359945071722451,BD1R150
352217082642772,BD1R150
352217082642517,BD1R150
354306080758488,BD1R150
352217082640222,BD1R150
352217082639786,BD1R150
352217082639620,BD1R150
352217082636899,BD1R150
352217082643200,BD1R150
359945071723954,BD1R150
359945071723970,BD1R150
353505072942965,BD1R150
353505072932602,BD1R150
353505072932743,BD1R150
355316075022468,BD1R150
359945071732708,BD1R150
352217082642269,BD1R150
359945071723475,BD1R150
359945071723228,BD1R150
352217082645148,BD1R150
352217082645502,BD1R150
352217082643390,BD1R150
359945071713518,BD1R150
359945071721826,BD1R150
359945071731486,BD1R150
352217082624556,BD1R150
355316075047473,BD1R150
355316074918120,BD1R150
352217082635511,BD1R150
359945071722907,BD1R150
355316075038696,BD1R150
355316075038795,BD1R150
359945071732559,BD1R150
352217082624812,BD1R150
352217082625058,BD1R150
352217082625223,BD1R150
355316074917783,BD1R150
355316074917833,BD1R150
355316074918013,BD1R150
354608088372315,BD1R150
354608088372604,BD1R150
358449074182053,BD1R150
354923080618999,BD1R150
354923080620375,BD1R150
354608088371911,BD1R150
354608088371929,BD1R150
352217082634530,BD1R150
359945071722642,BD1R150
359945071722915,BD1R150
352217082642673,BD1R150
352217082643226,BD1R150
354306080767190,BD1R150
354306080890125,BD1R150
354306080890158,BD1R150
352217082643408,BD1R150
352217082636485,BD1R150
352217082636691,BD1R150
353412071071179,BD1R150
358449074185718,BD1R150
352217082643275,BD1R150
359945070980043,BD1R150
358449073583533,BD1R150
354306080758454,BD1R150
359945071732633,BD1R150
352217082643416,BD1R150
352217082510417,BD1R150
352217082512892,BD1R150
355272070902370,BD1R150
355272070902511,BD1R150
355272070868381,BD1R150
354306080892352,BD1R150
355272070889635,BD1R150
353412071069884,BD1R150
354306080894754,BD1R150
353412071046247,BD1R150
355272070903741,BD1R150
352217082523220,BD1R150
358449073583558,BD1R150
359945071735180,BD1R150
352217082641048,BD1R150
359945071736154,BD1R150
354306080890968,BD1R150
359945071722881,BD1R150
